FileName, CommitSha
Detections\Sample\Dev-0228FilePathHashesNovember2021.json,589e92af43ba478e4163423c36034cfa33ed6c1d
Detections\Sample\HighFailedLogonCountByClientIP.json,58f212ed2e295023eeee0c444fc1eab4e8f23187
Detections\Sample\malware_in_recyclebin.json,c0d838a463affac7c7221c460ef09882dbcd6b0c
Detections\Sample\Sign-in Burst from Multiple Locations.json,307abdfb9d782f32f7e7dcfcb222e2053b8b5d2b
Detections\Sample\NewHighSeverityVulnDetectedAcrossMulitpleHosts.json,0b7d18ffed9ad09744ce08222c2a3148af6ae104
Detections\Sample\PortScanDetected.json,b92c6978bdd2a1dd5744ebffd631a1af9df92f22
Detections\Sample\PotentialDHCPStarvationAttack.json,ca060ad08d6e3a3ff1c58d60bd7b3aed66dda8af
Detections\Sample\VectraDetect-Suspected-Behavior-by-Tactics.json,e96496c17fa962186d5a017636bc696ee05cec6f
Detections\Sample\UserSearchingForVIPUserActivity.json,130c31e50c0431b7497b72f4ff47c1bb8a2538c7
Detections\Sample\imDns_IPEntity_DnsEvents.json,32b6674008e903f05e1f90c8aeeb9f5f5d68625c
Detections\Sample\StrontiumCredHarvesting.json,d90622fea05aac2717a26a7e410d0131993dbc96
Detections\Sample\Office_Uploaded_Executables.json,393b181d586821b8d80282e186cb3fc95c64c775
Detections\Sample\AzDOHistoricPrPolicyBypassing.json,7a2e703965994e243d4bcc44cebd601e7fd4f821
Detections\Sample\imSigninAttemptsByIPviaDisabledAccounts.json,67de00fa12da9f23534ad7be858a8d0aeb7290d7
Detections\Sample\HighUrgencyActionItems.json,68ee3249f31e2c8a223b920db8d72df330e4d930
Detections\Sample\ProofpointPODWeakCiphers.json,641cdb320aa92be731b1634520b401aaf86a4cf6
Detections\Sample\ProofpointPODBinaryInAttachment.json,1208c9296753cb8b9a4a02655a9aa16d389e0253
Detections\Sample\CognniMediumRiskLegalIncidents.json,abc7cb22f5a4f20bbee3613b8d13059f1d379eb1
Detections\Sample\UserAccessedSuspiciousURLCategories.json,3e173f9efda77eb9278b72d13c6b1fd6d0fa65fc
Detections\Sample\KnownMalwareDetected.json,4fd8bad43d2ca6ef26051be05cc280580ad26b89
Detections\Sample\ADFSRemoteAuthSyncConnection.json,fc3ea76d3f6104e359ebd4594dae4d607fa1148e
Detections\Sample\CognniHighRiskLegalIncidents.json,52a9a0877e4f0116213e46f0c2b443b9b02d8449
Detections\Sample\GroupCreatedAddedToPrivlegeGroup_1h.json,b10377058fd0f16a1cb37c87778d7d4c94820fdb
Detections\Sample\UseraddedtoPrivilgedGroups.json,fa3ba7a804225783ceac20a67047e99db66b4b06
Detections\Sample\NonDCActiveDirectoryReplication.json,02a6a0b590ad8b39297f87aff8d64d178ef7f509
Detections\Sample\ADOPipelineModifiedbyNewUser.json,ded996dc987949f593d50e38aae9524626b6c931
Detections\Sample\URLEntity_SecurityAlerts.json,047dcc7bae72333da85c8a29a7a65de5fd61b1a2
Detections\Sample\NewHighSeverityVulnDetectedAcrossMulitpleHostsV2.json,1bcdfc3fb3b9405f43aa245fca57b814803e3c86
Detections\Sample\CiscoUmbrellaHackToolUserAgentDetected.json,efaeb764f7a32fd8dbce40830ef769f736133470
Detections\Sample\URLEntity_PaloAlto.json,e3d75e506c2d1a39f35fd4b1c07965aed1975f48
Detections\Sample\imDNS_TorProxies.json,a96a65082b863c44660f4ed88900f8e05a3b3d3b
Detections\Sample\ExchangeServerVulnerabilitiesMarch2021IoCs.json,53c35fdf9767a967ad657d5755c2ffbf94aa5644
Detections\Sample\URLEntity_AuditLogs.json,32f956ec88c312aec172c9a01a3ce41771fab6b7
Detections\Sample\imDns_DomainEntity_DnsEvents.json,2c62f7f46efe6215c06cb29fd70ef837d201fd46
Detections\Sample\SolarWinds_SUNBURST_Process-IOCs.json,ee9dd998e4d6085b46dc112db38c6e304e3601c9
Detections\Sample\CiscoUmbrellaPowershellUserAgentDetected.json,5d81bf60bae5b2de7165a63b08fc623a9502bad1
Detections\Sample\Zscaler-LowVolumeDomainRequests.json,e9b623310d6053575f617f683e5edb28d88d0780
Detections\Sample\AzureADRoleManagementPermissionGrant.json,1da7e491ca99207b4eb68b26a44223d2ad231f69
Detections\Sample\PotentiallyHarmfulFileTypes.json,a06d6e1219b1de5152d5489c4dc631889759d685
Detections\Sample\IPEntity_AzureKeyVault.json,9a57fa2fd26941771c0994f530ea3e96604290db
Detections\Sample\AzureAADPowerShellAnomaly.json,173935149fe2db3a3d5ed25209b70863b970c2bb
Detections\Sample\CognniMediumRiskHRIncidents.json,f4fd1c0c73ce4b851a0d1b6ae91142da24096b67
Detections\Sample\FailedLogonAttempts_UnknownUser.json,e4223811e93623ed378427a557531238965e29f7
Detections\Sample\FailedLoginsFromUnknownOrInvalidUser.json,1e47b23f3870ba00f2001fd587f5ac012ad18a26
Detections\Sample\HostAADCorrelation.json,105a0c3a80be9860b80cc8fc476e56821347bfa2
Detections\Sample\eset-sites-blocked.json,8cd3c5b6c16264461a538410292a60553b1f9fe3
Detections\Sample\FileHashEntity_SecurityEvent.json,0cf5de69fc1df781fd993e869210d067e49802bf
Detections\Sample\PHOSPHORUSMarch2019IOCs.json,a30cbc63f027e6b9aed95dce9a68488448b47fbb
Detections\Sample\FailedLogonToAzurePortal.json,ca1f8392a2ae06bde40e66391a5cb73643574c1a
Detections\Sample\ChiaCryptoMining.json,28a453f933a828d3f3b8efc97a0cad9dd13e1f54
Detections\Sample\EmailEntity_AzureActivity.json,6219b1a49cf92268b55b584248cb2ac095b4379e
Detections\Sample\imAuthPasswordSpray.json,7f2f717f5ddc9ccb36d651e1825216fd64b1bab4
Detections\Sample\Creation_of_Expensive_Computes_in_Azure.json,a8f154c2882911d44a8770cbb90dd6522ee1cc34
Detections\Sample\RDP_Nesting.json,391f37fd72d4dd71dcc23a845bd5c6889d25d986
Detections\Sample\Supernovawebshell.json,5634a810a91bf3a10ecdfcfc1c84aba4abc67e0c
Detections\Sample\IPEntity_AzureActivity.json,1dddac462df331aa453fe507ed1b5ca80f145db6
Detections\Sample\BruteForceCloudPC.json,c993d8c9e030e683a77b7fe906ec9a2a55b227a1
Detections\Sample\Two Factor Authentication Disabled.json,4b0c4e58bd31fe049ffc0ef8ff06c79ca1bdd578
Detections\Sample\MaliciousOAuthApp_O365AttackToolkit.json,abcadd15b869c2b15f4a96fbd648ad9847372d33
Detections\Sample\CiscoUmbrellaEmptyUserAgentDetected.json,64c941731a192b36d4256a7ea6ad0b474db8e267
Detections\Sample\VectraDetect-Account-by-Severity.json,53a6f6488c0e038914ea7841aeef284c538dbdfd
Detections\Sample\Mail_redirect_via_ExO_transport_rule.json,092e2b856623ea2eeff9685f17f72ae27964111a
Detections\Sample\imProcess_NOBELIUM_SuspiciousRundll32Exec.json,f8b30c305f298fa8f6b9568846cd43d1937454ac
Detections\Sample\ADFSDBNamedPipeConnection.json,008a0f0f25946b89733cdfe94dbc816b6cdceeed
Detections\Sample\ExcessiveDenyFromSource.json,ba5ac777d6344023ae2e43293e2a4cbc38c9ae1e
Detections\Sample\SuccessThenFail_DiffIP_SameUserandApp.json,88dcd797f2600dec19e405529ad31897221c8e76
Detections\Sample\MalformedUserAgents.json,02072f579b66364db92701416e7b6a8f97cc3183
Detections\Sample\CiscoUmbrellaURIContainsIPAddress.json,39d70b07c29db2cd7b691f3cb29591768953118d
Detections\Sample\CERIUMOct292020IOCs.json,2d346f6a3b66757831bcee1d28f1a05e32a43b77
Detections\Sample\TimeSeriesKeyvaultAccessAnomaly.json,347d02b5935ef814799b171efa343d84b3726a72
Detections\Sample\HAFNIUMUmServiceSuspiciousFile.json,084278588db8c94f052ea973b53ada346aa8410a
Detections\Sample\MailPermissionsAddedToApplication.json,66325f06da2bcd257c779cdef2c17214b18b4100
Detections\Sample\ProofpointPODEmailSenderIPinTIList.json,6c7df9fe90de985d80a7e22dc278e7cd025f1d07
Detections\Sample\imAuthSigninsMultipleCountries.json,1511d97bc484bd0b89bc08a7d8fe6aad4a19a48f
Detections\Sample\imProcess_AdFind_Usage.json,da635e8147d7a7bb7f1c365ace92d87d39ec9332
Detections\Sample\SigninFirewallCorrelation.json,e22b20b2d7f6cccaa22e14c6944bf445857a2ce5
Detections\Sample\ADOVariableModifiedByNewUser.json,cc5ae9587ce55ade6a631f16cfac22f4a9194cba
Detections\Sample\CognniLowRiskBusinessIncidents.json,193be1e3d66f752d3f1fd000ea19ee35ae128efe
Detections\Sample\Security Vulnerability in Repo.json,2e839c010999bfe8de1f84adf5f65d442dbc4488
Detections\Sample\CorrelateIPC_Unfamiliar-Atypical.json,7e012ca860dbc1b6f5ec593789398442c362d318
Detections\Sample\AzDOPipelineCreatedDeletedOneDay.json,5398c1e220a454e27c02ebb29a5f2a20ead8b4bb
Detections\Sample\imAuthBruteForce.json,a5d0dabfa26f9fc29b008faeaef23d4d5289d6e1
Detections\Sample\UnusualUAPowershell.json,0923082c623f7a011b5a7cf3a95c8626023b88ad
Detections\Sample\MaliciousAlertLinkedWebRequests.json,b1a44ca13212fe772c10b804b0520f90246c0bcb
Detections\Sample\LoginfromUsersfromDifferentCountrieswithin3hours.json,c00cfa579dc69940d5fdeb78f60266e718b86ec6
Detections\Sample\UserAssignedPrivilegedRole.json,b2379531a633d00ccafbe552251729ce4d0d9e81
Detections\Sample\AzurePortalSigninfromanotherAzureTenant.json,1f536f74b557529628b842f91abd21d84d7c81fa
Detections\Sample\AADHybridHealthADFSServiceDelete.json,40020278f55d660275f21b3aed5af70a3769d13f
Detections\Sample\Solorigate-Network-Beacon.json,6ec9f13c0061b5facec354a7d47836a7c88bfa90
Detections\Sample\CognniLowRiskGovernanceIncidents.json,fcc65d79870a5cbefb36410b9c9fc4c2bb39fd99
Detections\Sample\PrivlegedRoleAssignedOutsidePIM.json,3fb17871e7dd2a4bb7ba571123b3bb004024383d
Detections\Sample\FirstAppOrServicePrincipalCredential.json,412e15174eaa1dbd132309e51d9f686b095f636d
Detections\Sample\CognniHighRiskBusinessIncidents.json,18ef57ff57c695c515d8e06b8a6370740c1b9b21
Detections\Sample\SolarWinds_TEARDROP_Process-IOCs.json,9785282b2a1c4d72b2a0e00e5dcbc2be76017d82
Detections\Sample\exchange_auditlogdisabled.json,039c7edc3f1ad5394a14235dbf68ea3f6cdd2607
Detections\Sample\KeyVaultSensitiveOperations.json,0f7c9bcac57939024cd670ee3502996c52056409
Detections\Sample\UserCreatedAddedToBuiltinAdmins_1d.json,46568c2bee155b51dfd169bf6e4637f13eaf0deb
Detections\Sample\AzureWAFmatching_log4j_vuln.json,f6af26ec4d769e79fc8bd1744911a04bccb6e5f9
Detections\Sample\MultiVendor-PossibleDGAContacts.json,74c28d6ee12b7d61e31ea0de856d3e04e8a86739
Detections\Sample\squid_tor_proxies.json,7f0f02c0e4961eda9f635acf0ae87356e23623e2
Detections\Sample\KeyvaultMassSecretRetrieval.json,9fa5f66906f93ca408feb0c27d828aed5e4301f6
Detections\Sample\BypassCondAccessRule.json,23af46ad80ce9c067635788350650fb61028227b
Detections\Sample\DomainEntity_Syslog.json,763801f79bdd33275eff04b08d71a17e0f46ea7d
Detections\Sample\LSASSMemory.json,6423d542865812fe89c8648a91d9cd23b7d0a1a0
Detections\Sample\NewPAPCAPCASaddedtoADO.json,df1ee4f676aa8308c74755a8d2d4351949509b0a
Detections\Sample\AADHybridHealthADFSNewServer.json,b2868742b9716e44248d1c2febd502a2f17c54b0
Detections\Sample\password_never_expires.json,1af2eb4aee897206d62b5210a04528321ca07478
Detections\Sample\imFileEvent_Dev-0228FilePathHashesNovember2021-ASIM.json,d6e05571c4d000d19464f217dbc1804dbb368890
Detections\Sample\NewResourceGroupsDeployedTo.json,036ba5d202a6c13c9fb27e584fac0463b1fa6da4
Detections\Sample\IPEntity_AzureSQL.json,892462b4a9b38bbebd60959febf2f0b01bbb9999
Detections\Sample\NetworkEndpointCorrelation.json,6af2b5cd6542b9f4747f5c008b5d26d32425d1a0
Detections\Sample\CognniHighRiskFinancialIncidents.json,a8d9039115852b819843576312cea8fdddd7c4d5
Detections\Sample\Solorigate-VM-Network.json,9755e447b4b67a74c52cb6ee0151f3eb7d10f33a
Detections\Sample\SOURGUM_IOC.json,1285e770e6c6576850e42f47cbac0a8b5e46570c
Detections\Sample\OMI_vulnerability_detection.json,c3718b4f6663ebbfd1eaf7f3a12560df9e8a7483
Detections\Sample\AuditPolicyManipulation_using_auditpol.json,df34f01195195d8643caf84432787c451a052b29
Detections\Sample\MFARejectedbyUser.json,c31670f126b6b8022d9a869c98748ede240625d1
Detections\Sample\DomainEntity_DnsEvents.json,ee2a31065d3af092cfff7e776faf22f2acb4f882
Detections\Sample\execute_base64_decodedpayload.json,0f6861790916eea0bef59d2e4440b97111d8d235
Detections\Sample\imDNS_Miners.json,187511b30bfdcad1f3fabe0703385b06d89aa64d
Detections\Sample\SupiciousLinkSharing.json,82a6ecdc55bcbdef0e36669e39bc35b679b7999c
Detections\Sample\AnomomlousUserAgentConnection.json,388efb9389010a55781df97daeb76527f93c7710
Detections\Sample\ssh_potentialBruteForce.json,24431ccc53c2b035bdd613767df73c204f39d8cf
Detections\Sample\AccountCreatedDeletedByNonApprovedUser.json,c6f62893513976d7e044281ee812922749338dcd
Detections\Sample\eset-threats.json,9bf45896c6cc713d10bdc22fd235e29d3fe8bf24
Detections\Sample\NOBELIUM_SuspiciousRundll32Exec.json,1ea393b6619c07bfb9a0d4a93f77e3e8d7bbdb91
Detections\Sample\GainCodeExecutionADFSViaSMB.json,3f2c35104eb32bfa3253271d11f277100cdd167a
Detections\Sample\EmailEntity_SecurityAlert.json,6dbde5deea1439af3207f8d4ef5b377d8a653c4b
Detections\Sample\ProofpointPODMultipleLargeEmailsToSameRecipient.json,0c6f29f2925fe324abfe30cd1eda0c3268c0f479
Detections\Sample\AVScan_Failure.json,95665d2f803fa325d96fd2745423ec841a420498
Detections\Sample\RunCommandUEBABreach.json,8dcc49ae53746260f0d5afed919894b721690ea3
Detections\Sample\DistribPassCrackAttempt.json,8179e93e122fdebdff407c679d4ef2327d36f7bf
Detections\Sample\ExcessiveAmountofDeniedConnectionsfromASingleSource.json,a514f1f76db6d4bf9ac90da2426668c4a9b08681
Detections\Sample\OMIGODVulnerableMachines.json,daa1e57cc9160260f958e49c4b20299015d16305
Detections\Sample\IndicatorsOfAttack.json,d4fc1bc29d335fff1ebd72af7544fc514bea4428
Detections\Sample\AADHybridHealthADFSSuspApp.json,97bacdb00a86e4c16c596edba18fd14f360ddf61
Detections\Sample\SolarWinds_SUNBURST_Network-IOCs.json,9690d59a706f7119d7324cca471b69f4c40a503c
Detections\Sample\MaliciousOAuthApp_PwnAuth.json,4fbcbdb865cb1531fd3c45aef78b9493a662aa1a
Detections\Sample\DNS_HighNXDomainCount_detection.json,813eeabc9424e22a1e4728c5ef84f3d974456016
Detections\Sample\HAFNIUMNewUMServiceChildProcess.json,e95ae7f5ce92242073164dc0014921106fdadffb
Detections\Sample\Fortinet-NetworkBeaconPattern.json,201f3b95906dc4fc9e37a2dc6999815ef53e5574
Detections\Sample\IPEntity_AWSCloudTrail.json,780a03ca6cf213df1501c4a59c2acd432431c470
Detections\Sample\ADOAuditStreamDisabled.json,dff001c03850e8f08fab3f5f61d715a2f8151be3
Detections\Sample\SuspiciousOAuthApp_OfflineAccess.json,cd6b243b7c8f2099ac31888354a316df182bb62c
Detections\Sample\TimeSeriesAnomaly-MultiVendor_DataExfiltration.json,20c64cefd6684cc1b7ca20d4617e9a0211173180
Detections\Sample\AWS_LoadBalancerSecGroupChange.json,2d482046061e9d5d6be98b07c0867eea11005f6d
Detections\Sample\CiscoUmbrellaConnectionToUnpopularWebsiteDetected.json,016b4db9ce2c7ee46e64f0201aaeb10713dc3e33
Detections\Sample\Log4J_IPIOC_Dec112021.json,55c11d2d9eab76804eda95f644280e8d719c63af
Detections\Sample\IridiumIOCs.json,2aa6daef47112dfcf5e36bfc13f816cc3670067b
Detections\Sample\ssh_NewlyInternetExposed.json,89d9aeee53c0c609778a6c01719f9e2aa74467a0
Detections\Sample\MultiplePasswordresetsbyUser.json,b1f35322ec240d411c447ad0e5a69a6d6f99a912
Detections\Sample\HAFNIUMSuspiciousExchangeRequestPattern.json,7c18b5f9e71db1021916a0dd5f744227021a589b
Detections\Sample\GoldenTicket.json,d3688aa832f9e0c205224602e44c89bcbbdd6dbf
Detections\Sample\ZincJan272021IOCs.json,c660eb3a8b0699b3d6581c41cea5d80c709a8e25
Detections\Sample\ADOSecretNotSecured.json,21bcc8332a51e4924ff87e4fba251ed9a4019ca3
Detections\Sample\EmailEntity_SecurityEvent.json,a144ea69dea527c9d36744e6170dd4ea29cc8b25
Detections\Sample\EmailAccessviaActiveSync.json,c5cddb20695c72885756a6fef733612cc369ebf7
Detections\Sample\Create Incident for XDR Alerts (Medium & Low).json,ccaa590a46501054d0abf02fd0d426fcf40a94b3
Detections\Sample\AWS_CredentialHijack.json,513c10550a89fd399c9d4f4a614c8959138d1a39
Detections\Sample\PaloAlto-NetworkBeaconing.json,8f4bfa10b2cac99f32542689727f853a42b10c4c
Detections\Sample\VectraDetect-NewCampaign.json,1ad07711fc1d565e7bf687c9fcefe376b7de49ed
Detections\Sample\NOBELIUM_IOCsMay2021.json,a045f93107970d396e2b993a0409160ffe898973
Detections\Sample\CoreBackupDeletionwithSecurityAlert.json,4fada3ee1ce1125b3c4db81735d1c9ffda5d00e3
Detections\Sample\imDns_HighNXDomainCount_detection.json,a391800153bb7991883e535503fbd38a35a4f6e1
Detections\Sample\ExcessiveNXDOMAINDNSQueries.json,d96879ec079ac224762ee05e6214c0de1112dee1
Detections\Sample\AWS_FullAdminPolicyAttachedToRolesUsersGroups.json,a582731985b45541d78d61a96294a8d09027626e
Detections\Sample\StartStopHealthService.json,36f715beffbd4dd1302c25082938f964a7a4c0f2
Detections\Sample\CiscoASA-AvgAttackDetectRateIncrease.json,cf27876f50f58bd96455fb07626a8edbfdd2d6ed
Detections\Sample\PIMElevationRequestRejected.json,70218ac84e1256edf1e155304a43c3ef8d549d74
Detections\Sample\DNS_HighReverseDNSCount_detection.json,5989f35a2130a6614a84aa8e9035f93c4a835197
Detections\Sample\ThalliumIOCs.json,dcdc21b8ab4dc618c5f4280a924b69ad856d0f0a
Detections\Sample\CredentialAddedAfterAdminConsent.json,4c5f24d65a84069ebca22cb53dd234602e300dcb
Detections\Sample\BulkChangestoPrivilegedAccountPermissions.json,a26252bbfb3174a3ffbbbb68cc0f6f3d40786b13
Detections\Sample\PulseConnectSecureVPN-BruteForce.json,936789102acde1d3097616ceccb10034e734bce4
Detections\Sample\SigninBruteForce-AzurePortal.json,fc4b9306c396be4545f6d992ba4dbf56e7f79b76
Detections\Sample\ADFS-DKM-MasterKey-Export.json,cebbd2d1bd491dd310c00bd7463f1dc1b11c11fc
Detections\Sample\Office_MailForwarding.json,e05098989fdaede2b14a3b3e5c32925a11a54e62
Detections\Sample\MultipleTeamsDeletes.json,d06c97d7e245769d8a7abba729f88eab1a6870e3
Detections\Sample\IPEntity_WireData.json,8bad29ca93ae442d1e67b5172008a800db3b7303
Detections\Sample\HighNumberofVulnDetectedV2.json,15a240e8badd51e85995c171e739a65c453a15b6
Detections\Sample\DEV-0322_SolarWinds_Serv-U_IOC.json,cfe41e403e9336c06bac7ab6866c29b6ca64be49
Detections\Sample\NewAgentAddedToPoolbyNewUserorofNewOS.json,68bc4bcbb11c112c4f242b8210326ad348deb1b7
Detections\Sample\IPEntity_AppServiceHTTPLogs.json,5b5e20cc9f510f10c3cbdda669446aa60fe3b5b6
Detections\Sample\SharePoint_Downloads_byNewIP.json,ce50265c199d5b50e74e57c117f353b73fdf44af
Detections\Sample\PasswordSpraying.json,d5af66ae58ceb410c2bfec5446677a30f136c37f
Detections\Sample\ProxyShellPwn2Own.json,e4e91272f76d6dae74da80726a8f956c7aac1f1c
Detections\Sample\imProcess_base64_encoded_pefile.json,ac6a6c66c43894f6694929f96d3cd6492817bbd1
Detections\Sample\STRONTIUMOct292020IOCs.json,3fd4e2f317f0a102a583074a99a507ea6fd0c2c2
Detections\Sample\DCSync.json,863fc3517edabb2ea4f95893ac0b5e0b932f05c9
Detections\Sample\HAFNIUMSuspiciousUMServiceError.json,f70c7db5361575fdc08a935b8d972fdb1d8a0dfa
Detections\Sample\MSHTMLVuln.json,270a5b294fedb45a84e3d885634c0e60fe2561aa
Detections\Sample\IPEntity_AzureFirewall.json,f025ea92c6d9cd6e5a01c763df6029c43081a482
Detections\Sample\AWS_GuardDuty_template.json,d45ee54dd96f89fb0b997609c0ac11664d8d86eb
Detections\Sample\HighFailedLogonCountByUser.json,d5cae1fdc00ac59435eb5beec4ed22035b16c5cd
Detections\Sample\CiscoUmbrellaConnectionNon-CorporatePrivateNetwork.json,fd0e90f3b616f5b653a2640eabae7da095dc0cd7
Detections\Sample\PrivilegedAccountIssues.json,7328146b39750dee143dd91d40945f52e0bf74b3
Detections\Sample\DNS_TorProxies.json,60ba8e92c428902118da9a98f030a4d54a4e684e
Detections\Sample\CiscoUmbrellaRequestBlocklistedFileType.json,0b57ee8df2afd92c95ddddb55dc4dc464b7e3699
Detections\Sample\CriticalThreatDetected.json,31f46f5454d9419d39bf4d5044d18c21dd6951b9
Detections\Sample\VectraDetect-Host-by-Severity.json,640810a8d528c3cb34b760c53dc7b8f2a8ba9a4b
Detections\Sample\GitHub Activities from Infrequent Country.json,f3d9ff9829f707e0a2e57816198f57bbfc60f5bc
Detections\Sample\ADORetentionReduced.json,a31efa9f266f225cb339f75153611e019ca25780
Detections\Sample\AdFind_Usage.json,98de254539aba9dbb8e78987b3d8bca185583007
Detections\Sample\PulseConnectSecureVPN-DistinctFailedUserLogin.json,8430f3b9435acafb6895081800852bd755bf1f3c
Detections\Sample\MultipleFailedFollowedBySuccess.json,e488e1bb684b347eb08abfd9eb37ec01765be873
Detections\Sample\URLEntity_OfficeActivity.json,af8e4418400a35ef1ac4bfbad9e3a9bf472626db
Detections\Sample\PotentialKerberoast.json,66de2e7ff6651e21e8a0349ae46fefea15764902
Detections\Sample\AWS_ChangeToRDSDatabase.json,ce9021e44d46bdd380d33e5610abc7fd5fe75ea1
Detections\Sample\Solorigate-Defender-Detections.json,682585213760fda8752eabbbc0b1d2eceb2c014e
Detections\Sample\SUNSPOTHashes.json,5f9aa6301a09416439195b7b2afaf69f03be6e66
Detections\Sample\AWS_IngressEgressSecurityGroupChange.json,c8c791593c59270522ee7b2c15fc83ed3fb9fb3b
Detections\Sample\DNS_Miners.json,5b1d45fec2840ee25951a597e6869ccc9677de7c
Detections\Sample\ADONewExtensionAdded.json,e8bf62b8279b0e240d60bef612a120f69f541806
Detections\Sample\ADOAgentPoolCreatedDeleted.json,06728abfe058c28f34a62092dadb01281507b991
Detections\Sample\SeveralDenyActionsRegistered.json,ec7487f571119a8a062da6f65bfc5bbdfdba8410
Detections\Sample\RareRunCommandPowerShellScript.json,6664b8027d8f4251bd66596d40a2dee715e9ea7c
Detections\Sample\AccountCreatedandDeletedinShortTimeframe.json,bc51d2dd4f16f5ed6ec823b7c31690655179b97b
Detections\Sample\Creating_Anomalous_Number_Of_Resources_detection.json,6b490ef4330014746bdf53b80c5c4830a777dbae
Detections\Sample\ExcessiveLogonFailures.json,450f248ab6d406b6ae4393b095016350df4620e8
Detections\Sample\AzDOPatSessionMisuse.json,e4629aaf70bc4a31cf9a6096075320eb0b8a2b1c
Detections\Sample\CognniHighRiskHRIncidents.json,1a85cb3a3ce0654e342f38d9698144eb4bae5bf2
Detections\Sample\powershell_empire.json,df3347f9b304afebc5ad6091145ff6c7f0efbab1
Detections\Sample\URLEntity_Syslog.json,9220a352cdc28b28a2cb7049a61385475e02cfa8
Detections\Sample\SolorigateNamedPipe.json,bc1a508d6774e5ad8351baab8819478c875f50ef
Detections\Sample\New-CloudShell-User.json,81199995264081d9554a1812c960573020ef8a28
Detections\Sample\CognniMediumRiskFinancialIncidents.json,9eb66928b21af80c81610daf07f28c6caaafa52a
Detections\Sample\UserAgentSearch_log4j.json,8f3e2095270683dbef6c667ade68a3d38186c5cd
Detections\Sample\EmailEntity_SigninLogs.json,4ebbc23490cd9ae0db6395ac0422a409321383ae
Detections\Sample\DetectPIMAlertDisablingActivity.json,28c238f4013a926910fdd2988ba7dd8416112213
Detections\Sample\CiscoUmbrellaRareUserAgentDetected.json,2f326ea527ed5397cc48f8b1051b300808d0895f
Detections\Sample\ADAttacksPathways.json,3de49e59991e3d7b2ebab2f6b8e74945f1f27416
Detections\Sample\PasswordIssues.json,c5bd4acc119a024d3475fd6d6609d8250c75f4e6
Detections\Sample\ProofpointPODMultipleProtectedEmailsToUnknownRecipient.json,3980a3b657b2c46c55bb7468dad4885f47852fc2
Detections\Sample\RDP_RareConnection.json,751723a592165c5cd68b613a61666452d96ce8fd
Detections\Sample\PrivilegedAccountsSigninFailureSpikes.json,b0e7198e8919198a9f61e6c47aad03227024e9dd
Detections\Sample\ExcessiveDeniedProxyTraffic.json,dd09aa8fd8b8be42169f4f7f31ba32f2d9b3d07f
Detections\Sample\CiscoUmbrellaRequestAllowedHarmfulMaliciousURICategory.json,50a9011bfb1ff69980c732c5470eed307623d827
Detections\Sample\IndicatorsOfExposures.json,ee4f303dc13e85c71ee602acd3f34c23fd5ae006
Detections\Sample\AdditionalFilesUploadedByActor.json,a2fe4f27eca163d6d4b8bdf0153bed5e44fd8c67
Detections\Sample\FileHashEntity_CommonSecurityLog.json,cbcead5e2cf34766ca8b3a1be665fb56e31b5504
Detections\Sample\NOBELIUM_SuspiciousScriptRegistryWrite.json,eef0f03c93c7e00f23a285720453ea0f4e1e1906
Detections\Sample\AADHealthMonAgentRegKeyAccess.json,53fef77819592134b8acc4b349a4d649c9d0e477
Detections\Sample\IPEntity_VMConnection.json,c79cb10de78938e7674fccbdd130840311fbab5e
Detections\Sample\ProofpointPODSuspiciousAttachment.json,e6adf3c6c6da6791cd238e68ea111299e728e86a
Detections\Sample\UserAccountAdd-Removed.json,393f012f3c3f6f44be68308fea627fc35fce226b
Detections\Sample\DomainEntity_SecurityAlert.json,f8f4519e6e167807b0dbfbaa5fa430774531bf2a
Detections\Sample\PasswordGuessing.json,b914c672d968dd30b269f730278b557dc331a3ed
Detections\Sample\EmailEntity_PaloAlto.json,02831402922553a8fb479feb38586816d5e6026e
Detections\Sample\CiscoASA-ThreatDetectionMessage.json,01b8671a3bd4d446414d690dd527591c219b7e34
Detections\Sample\DCShadow.json,1e3f17cf1d6789744c902d9aafd0952b59fd7566
Detections\Sample\NICKELIOCsNov2021.json,49c8d3cdad66b20588d1cab8ba0afe5199366a74
Detections\Sample\SigninPasswordSpray.json,18b490885371c1eba8d1f3d59188f40a112213a3
Detections\Sample\UserAccountAddedToPrivlegeGroup_1h.json,5f07b9dfeda6305bfefc96510ceddd0cef89c6ec
Detections\Sample\MaliciousWAFSessions.json,f6b972512cc4e5d237e67491609a17e7ae4ebd90
Detections\Sample\CognniLowRiskHRIncidents.json,20fcafbff6e8a6a3e89610e30401996bb123bc8f
Detections\Sample\Threat Intel Matches to GitHub Audit Logs.json,9b687bdc1145b542f039ad1665687f9f78e61f15
Detections\Sample\UnusualGuestActivity.json,109c2b5edf592e8c614f92c031f8eff48620fd73
Detections\Sample\BariumIPIOC112020.json,c607199b279fddd49a439ab1a1c5bd0168372621
Detections\Sample\AdminPromoAfterRoleMgmtAppPermissionGrant.json,c202ca4ea1c11b4fa861b5ca74dcfbe52c93d23d
Detections\Sample\PaloAlto-PortScanning.json,7277abe4e25974f0c80a415ea78d8e77f34176cb
Detections\Sample\RareApplicationConsent.json,0cde3a3c3834431411bd8c5268246acc1f8c426c
Detections\Sample\UserAccountIssues.json,d0b0b9ef53f00793cef3e056178fc1df3b4833f1
Detections\Sample\Brute Force Attack against GitHub Account.json,de5161c614cf7bab073d1d3a107f52ab447eed97
Detections\Sample\CiscoUmbrellaCryptoMinerUserAgentDetected.json,eb1078088508771f46123f5fe24b83c009db0a10
Detections\Sample\RareOfficeOperations.json,451878fec8c619a885e9b2b7ed29403adbffa59b
Detections\Sample\NOBELIUM_DomainIOCsMarch2021.json,cb4a66ea3eca6ac5859c2cc03330bc0985b0fda4
Detections\Sample\FileHashEntity_Covid19_CommonSecurityLog.json,feb9749e264719563c16a9dfb15311796ffb98f9
Detections\Sample\office_policytampering.json,d58e7a7116beeee0dffaa48e51f9755a178ca323
Detections\Sample\Wazuh-Large Number of Web errors from an IP.json,e1deed166b10aa23f3dc0eece452d1cee4a1192b
Detections\Sample\AADHealthSvcAgentRegKeyAccess.json,1158e67f9af1fbd39bd1ff0680c51965b0f3acdb
Detections\Sample\PotentialBuildProcessCompromiseMDE.json,def841f5d7e1b87231326da9c71355c838a7ac1f
Detections\Sample\NewUserAgentLast24h.json,86a09e051f96720279b857ee4e3b8d5889ea6fb4
Detections\Sample\DomainEntity_CommonSecurityLog.json,e115061f49a5debd14a24cdd47312c19c0c61d5d
Detections\Sample\ExcessiveFailedAuthenticationsfromInvalidInputs.json,48c31eb89944d14316cec6e9ccb8c722e39ce89b
Detections\Sample\AzDOServiceConnectionUsage.json,61800628ad18fdd2a8f59479ddc54a3c986c4652
Detections\Sample\Create Incident for XDR Alerts (Critical & High).json,ddbb6b58b1ee78feddafe925341bc4e628ba7fe8
Detections\Sample\AnomalousIPUsageFollowedByTeamsAction.json,e3d74af58430649e2607b365a0c51061ebf287ba
Detections\Sample\CognniLowRiskFinancialIncidents.json,c2bd1b614ea4fa028449173b4f7490de1aa15f6b
Detections\Sample\AADHostLoginCorrelation.json,1e37bdff7a59ab3952f0e20d3b218cfe98a165b7
Detections\Sample\SecurityServiceRegistryACLModification.json,2aa799d362519994a1e5c88451115ca1dfc59521
Detections\Sample\ADFSDomainTrustMods.json,09f00eaaef1a1275122a05502e234e39ec7e423a
Detections\Sample\SolarWinds_SUNBURST_&_SUPERNOVA_File-IOCs.json,7cdb00a4b150129049231bd3f003f7b6f3847d84
Detections\Sample\IPEntity_W3CIISLog.json,672c9c2cf7aa7c36da913017e341157467303cb1
Detections\Sample\CognniMediumRiskBusinessIncidents.json,6f0b350d5dce68e9cd3f5f6b453a3d259533a126
Detections\Sample\AWS_ClearStopChangeTrailLogs.json,6406365aeb682a4b7b7ad5d044b28031210bb17d
Detections\Sample\SUNSPOTLogFile.json,13da4deb306f0c7aa981c4b14eece62747668e61
Detections\Sample\imProcess_SolarWinds_SUNBURST_Process-IOCs.json,307c7308e741ab56ad3de51f8be2dffeb91997c5
Detections\Sample\Nobelium_FoggyWeb.json,38868024c19b91bcee0c8ef6dd6d63041b18fa9d
Detections\Sample\UserAccounts-CABlockedSigninSpikes.json,0f1ea6ffb52d65b9c374e647c9b1d28e5c089bd1
Detections\Sample\HighNumberofVulnDetected.json,7d79f1b87f46dc54326da9fdc613758727d6c27b
Detections\Sample\HAFNIUMSuspiciousFileDownloads.json,8ed4700b1d803060da043eee9087c657d7864c8b
Detections\Sample\IPEntity_DnsEvents.json,0f22664bd7ce5a681f3e4bca147b8ae0b50569ad
Detections\Sample\E2EEDisbaled.json,864c4646b72a69fa933727d6ef5beb6d413ba39c
Detections\Sample\ExplicitMFADeny.json,ee955d89e47a98cfade416eb7418fd34d0b38382
Detections\Sample\BariumDomainIOC112020.json,93ecad4776c062fe8aa9a73e6657e71e2d449dd2
Detections\Sample\RareOperations.json,bdfec76a01ac56db642e0f6ea0cea38ddd2a68a7
Detections\Sample\RDP_MultipleConnectionsFromSingleSystem.json,aaa9fdb4fc3ec2c586a7366ba6d9dc7bd66f9d40
Detections\Sample\UnusualUACryptoMiners.json,f3d1e83330a00f8b477fee24cae59a88d7e9e868
Detections\Sample\ExchangeOABVirtualDirectoryAttributeContainingPotentialWebshell.json,a51b24ac64f1121b6621e6a0b8257a94c7cee643
Detections\Sample\Manganese_VPN-IOCs.json,01e81a992882dfb7abea16306043b2977deaae16
Detections\Sample\AWS_ChangeToVPC.json,34b6131eebd51cc28b26eb793e1451a04796c4e7
Detections\Sample\ADOPATUsedWithBrowser.json,ce049de9f407e9a254914892560f7d03967a580c
Detections\Sample\GalliumIOCs.json,ab9bab3ee1dd47deaca1379667a368aabc1433b7
Detections\Sample\SecurityEventLogCleared.json,e2f9f913ccba943db18a263f0c7bdf5e48a44885
Detections\Sample\TrustMonitorEvent.json,87d48dd936523382c0521b51c0bacbc0b8d0fed9
Detections\Sample\ZincOct292020IOCs.json,76cf4f5670d358275a60d8433abc4e5b22066805
Detections\Sample\squid_cryptomining_pools.json,7c2aa6526738b971ddc201aef8b45b8c599f2251
Detections\Sample\AAD_PAVPN_Correlation.json,46ee55c8e3662562a6dc445c30b6179fed44db24
Detections\Sample\WSLMalwareCorrelation.json,d7917b52e271d7046b8288bd44926c767cbd9e28
Detections\Sample\AVScan_Infected_Files_Found.json,4c89a4cba1067bb5f5f6d39434e6504b672035bd
Detections\Sample\AWS_ConsoleLogonWithoutMFA.json,6bf7204f3bc0935e4a737e645789f07a792862c6
Detections\Sample\imFileESolarWindsSunburstSupernova.json,2fc21b34d70f6ca62dbb252859dcb0e23f730a39
Detections\Sample\imProcess_malware_in_recyclebin.json,793fb3b216045bc4840aa4a7ed2fdd766124c84c
Detections\Sample\PasswordSpray.json,5e18f947b141b15fb864aa967fcec3b976fdc7f0
Detections\Sample\DisabledAccountSigninsAcrossManyApplications.json,beab3f82fd20c531a058bc6f0270f1f58d05e98c
Detections\Sample\AzDOHistoricServiceConnectionAdds.json,c2adbe1d61d0b7ba12466f42264f34ce745c6fcc
Detections\Sample\VectraDetect-HighSeverityDetection-by-Tactics.json,fb4750e5fc084c077cfc468bc731f378336eac94
Detections\Sample\ADFSRemoteHTTPNetworkConnection.json,ab49b7e3d57c39fc5fe2f57de27d988830cbf0f9
Detections\Sample\UserAccountEnabledDisabled_10m.json,9258aa94def85e012564b9ea38fcbfa29ab42b81
Detections\Sample\IPentity_SigninLogs.json,ebcb953e718227c8221c3d597f5b5d32cfe9b835
Detections\Sample\ProofpointPODDataExfiltrationToPrivateEmail.json,c02586a3aa3e548a45f5e4b5d9f6342b015941b3
Detections\Sample\UserAccountCreatedDeleted_10m.json,ff4deff8e76bf907ac61e7c569327f39ce382c9d
Detections\Sample\IPEntity_AzureNetworkAnalytics.json,b043f5d28e6372b8270141196a4bbac73fc904a7
Detections\Sample\Log4jVulnerableMachines.json,2ff98dd3af64343a54e0c6d181fa4fada1fea9dd
Detections\Sample\ExternalUpstreamSourceAddedtoAzureDevOpsFeed.json,baf30cd4359e110ade4c2d26ce904ab6a42319e9
Detections\Sample\PotentialBuildProcessCompromise.json,52eda8d822192b7ca9b13fc397da422d443ef120
Detections\Sample\imDns_ExcessiveNXDOMAINDNSQueries.json,959feb3d8d41a8868e9ca9bc77c6577cbac8cb7f
Detections\Sample\NewAppOrServicePrincipalCredential.json,06b2e86c5de06ac7e4fd3ddfdcbb85777a12f347
Detections\Sample\SharePoint_Downloads_byNewUserAgent.json,ac5bce009ec22f42f46ec8c931d91f3aa2199ec2
Detections\Sample\DomainEntity_PaloAlto.json,01ad79e242065c8eb367d2c66f62f3b223014f77
Detections\Sample\AuthenticationMethodsChangedforPrivilegedAccount.json,e156bb12d98aed88ba2804b4bfadc0b0abe42ee7
Detections\Sample\IPEntity_DuoSecurity.json,de9c26ab4aa8ed9cbdba48e36c54aac70e45e172
Detections\Sample\ExternalUserAccess.json,a4f5b9c4644f9162fbe829ebc685eb7cb2b22124
Detections\Sample\MFADisable.json,f93955e75063e8dc5bbd8951a4c8f73506b58648
Detections\Sample\Malicious_Inbox_Rule.json,242eb5ba45f1132ea5c6468d3050b166eed4a83c
Detections\Sample\TimeSeriesAnomaly-ProcessExecutions.json,d46d6826b577e5531ac5ee2e3c4117505a85e251
Detections\Sample\ProofpointPODMultipleArchivedAttachmentsToSameRecipient.json,bcea04419fe7adb52d675428902023d4ccb6381e
Detections\Sample\CognniMediumRiskGovernanceIncidents.json,805e453656332fc68272c1c4fa77cb2f129570f1
Detections\Sample\JoiningMeetingFromAnotherTimeZone.json,33d64b0019e881a002bbef40a89f0c8717c5e079
Detections\Sample\SuspiciousServicePrincipalcreationactivity.json,121508313cbf5bd9d22d7c9d9de9d2f3d9fcc72f
Detections\Sample\STRONTIUMJuly2019IOCs.json,96ebeab037aaef6d772f8fd44ce42c0a003f802f
Detections\Sample\Granting_Permissions_To_Account_detection.json,985eceae998129bd93465c85411214a4fa83e330
Detections\Sample\CognniLowRiskLegalIncidents.json,7fa1c910d15556e8ad787fd8c15b49a4345ade87
Detections\Sample\MailItemsAccessedTimeSeries.json,be2a78d8914157142d3a0b19de5b15aa2aee3e17
Detections\Sample\gte_6_FailedLogons_10m.json,8c5d14d54c25166c6c4a8ed40bb9843ebf1ac0b2
Detections\Sample\ProofpointPODHighRiskNotDiscarded.json,61c03e0c1f6619a616d7eaec14c575e8728033b3
Detections\Sample\HighPortCountByClientIP.json,18c694d151252d224767bc1657d199ae576da8c5
Detections\Sample\EmailEntity_OfficeActivity.json,de2753df9d2210dae4ffe418529de4fd2688d5ff
Detections\Sample\UnusualUAHackTool.json,01bbc8053cc77b8a9bb38d6f90bceb59625785cf
Detections\Sample\password_not_set.json,1e308e76f6f90c0184f957f79a3200653c052097
Detections\Sample\CognniHighRiskGovernanceIncidents.json,f454b892702d5584163bbbc8b56b67e2e35c7e05
Detections\Sample\TimeSeriesAnomaly-MultiVendor_NetworkTraffic.json,3a235942f8ab89299546a0b8647201d2a2d09cad
Detections\Sample\AWSConsoleAADCorrelation.json,363c2484f1d884c686aed84205e016dec23e4ea6
Detections\Sample\base64_encoded_pefile.json,c39f509980a3299b90d6d08b01d8640a7cb9e739
Detections\Sample\AADAWSConsoleCorrelation.json,e3c8c170b17e83f62e4c8b3389bb958709e951dd
Detections\Sample\ClientDeniedAccess.json,4823b358ee43f439b679ac2f6594632f179242c5
Detections\Sample\KnownPHOSPHORUSDomainsIP-October2020.json,282aecb5280fa1961dd3619b4f5e07d33c0ce4d2
Detections\Sample\IPEntity_OfficeActivity.json,77f03d2d2437cc10597aff6df2f0b937f46c9a0d
Detections\Sample\SigninAttemptsByIPviaDisabledAccounts.json,6d4013cd8bf1845e02441c1eb62932b92f107e15
Detections\Sample\AnomalousUserAppSigninLocationIncrease-detection.json,ad2d6531d9d74b27d468b427eba52e11e543ea90
Detections\Sample\AzDOAdminGroupAdditions.json,f4d3c6665786682eabaff17c7b62c8358a366e13
Detections\Sample\ExternalUserAddedRemovedInTeams.json,49a8784b3222cad741e6ffa5626382c169831517
Detections\Sample\ProofpointPODEmailSenderInTIList.json,c52171f32104189519d505da18bbc8fe150bbbe5
Detections\Sample\GainCodeExecutionADFSviaWMI.json,140da50360d6bb6a57715b9e99ac01a3e5b20346
